Date,Price,Close,High,Low,Open,Volume
2022-01-03,178.44313049316406,179.2960912081591,174.22740989529922,174.34505345884557,104487900
2022-01-04,176.17840576171875,179.35491668068815,175.60977025994117,179.05099416209845,99310400
2022-01-05,171.49209594726562,176.6392118468071,171.21758429607112,176.09018854441808,94537600
2022-01-06,168.62930297851562,171.8646356206371,168.27635732737943,169.31558203356892,96904000
2022-01-07,168.7959442138672,170.727338880113,167.67828564718639,169.50183540964022,86709100
2022-01-10,168.81561279296875,169.11953536150543,164.87438812798405,165.76655854255335,106765600
2022-01-11,171.64891052246094,171.74694181889706,167.4724003083723,168.94300439273908,76138300
2022-01-12,172.0901336669922,173.70779259806037,171.39405592953122,172.66856783412447,74805200
2022-01-13,168.81561279296875,173.15879136098613,168.42344257569226,172.33525634435176,84505800
2022-01-14,169.6783447265625,170.37442243944997,167.73713612609606,167.9822368621362,80440800
2022-01-18,166.47242736816406,169.1587219328493,166.0900708080933,168.14890807010434,90956700
2022-01-19,162.9723663330078,167.72732627847407,162.68805608048748,166.6684893743364,94815000
2022-01-20,161.2860870361328,166.35476859042288,160.9625522612085,163.7076835662155,91420500
2022-01-21,159.2272491455078,163.070426973366,159.1194042209609,161.19785371976124,122848900
2022-01-24,158.4527130126953,159.11939476840692,151.66832669269064,156.88407733764427,162294600
2022-01-25,156.64877319335938,159.5703696285005,153.942866591661,155.86444788627315,115798400
2022-01-26,156.56053161621094,161.16842196351905,154.72718309601152,160.29586403596446,108275300
2022-01-27,156.09976196289062,160.6292188937634,155.17818077822113,159.26645936487785,121954600
2022-01-28,166.99203491210938,167.01164715968335,159.6096019553616,162.46257810702824,179935700
2022-01-31,171.35482788085938,171.57051772849903,166.1881001011021,166.82537099995082,115541600
2022-02-01,171.1881561279297,171.41364461299403,168.93322639800166,170.5999083862923,86213900
2022-02-02,172.39405822753906,172.4332827246188,169.93325210735014,171.32542255843316,84914300
2022-02-03,169.5116729736328,172.7862303680274,168.746959829252,171.06071151115776,89418100
2022-02-04,169.22698974609375,170.90562127726093,167.54835821492657,168.53001022690665,82465400
2022-02-07,168.51040649414062,170.75838325799216,167.8134268983413,169.68838604223646,77251200
2022-02-08,171.6222381591797,172.1327014444133,168.28461203735645,168.57911066263827,74829200
2022-02-09,173.0456085205078,173.40881495712398,171.6909240051843,172.81983276089403,71285000
2022-02-10,168.96194458007812,172.26029603848204,168.40241070544232,170.94488589786454,90865900
2022-02-11,165.54576110839844,169.90429755376124,164.95676402920208,169.1680586941748,98670700
2022-02-14,165.78138732910156,166.46854070339387,163.5039475985097,164.2990832872494,86185500
2022-02-15,169.61962890625,169.77669680858907,167.1262396166007,167.8330301983069,62527400
2022-02-16,169.3840789794922,170.15957757586978,166.92994864069578,168.69692548039376,61177400
2022-02-17,165.78138732910156,168.7557915611827,165.37890643172315,167.8919330456037,69589300
2022-02-18,164.2303924560547,167.4109355405672,163.1407580714809,166.70415983864797,82772700
2022-02-22,161.30506896972656,163.63157949063682,159.17487088048674,161.95294792646703,91162800
2022-02-23,157.133056640625,163.10148814384206,156.8189207831809,162.50267977205857,90009200
2022-02-24,159.7540740966797,159.86205643085455,149.21112475761413,149.78048479427957,141147500
2022-02-25,161.82533264160156,162.090367887761,157.91834703084373,160.83385456915977,91974200
2022-02-28,162.0903778076172,162.38487641130448,159.44973145996255,160.06817702982372,95056600
2022-03-01,160.2056121826172,163.5432381527931,158.99818435052663,161.67809026330085,83474400
2022-03-02,163.50393676757812,164.28926127709886,159.9601728375973,161.3737539589708,79724800
2022-03-03,163.18002319335938,165.81085859107165,162.51250696008478,165.3789292736247,76678400
2022-03-04,160.1761474609375,162.51248390357455,159.1257876596409,161.4719352294381,83737200
2022-03-07,156.3771514892578,161.99220158513262,156.12191240746935,160.36265582763468,96418800
2022-03-08,154.55128479003906,159.89147377341504,152.94137619759366,155.90596926887457,131148300
2022-03-09,159.960205078125,160.41177163023045,156.4851632700245,158.51717530744355,91454900
2022-03-10,155.61148071289062,157.447165177113,153.11807622105542,157.26064889872916,105342000
2022-03-11,151.8909912109375,156.357510261072,151.66521547258807,156.0139261115159,96970100
2022-03-14,147.8563995361328,151.29218107346347,147.3459513496218,148.67117238387235,108732100
2022-03-15,152.24440002441406,152.71560375350202,147.62082764624324,148.13127588452474,92964300
2022-03-16,156.66184997558594,157.0643309184818,151.62598505111097,154.16846031293665,102300200
2022-03-17,157.6729736328125,158.04600626691465,154.73784310287434,155.69985807738482,75615400
2022-03-18,160.9713134765625,161.4621395458107,156.82874025380204,157.5649793576743,123511700
2022-03-21,162.3456268310547,163.29783055310392,160.01910120084528,160.50992724401203,95811400
2022-03-22,165.72247314453125,166.31145526950652,161.8842108013452,162.4731929263205,81532000
2022-03-23,167.08700561523438,169.4724129582103,164.57396373096856,164.90773681905242,98062700
2022-03-24,170.8761749267578,170.94488277941835,167.08699751675573,167.9213927494687,90131400
2022-03-25,171.51422119140625,172.0639438588756,169.58036574981767,170.6896371902022,80546200
2022-03-28,172.37811279296875,172.5057173789197,168.8441592815926,169.01103833923784,90371900
2022-03-29,175.67645263671875,175.72552325481462,173.10451415071458,173.4480983503125,100589400
2022-03-30,174.50830078125,176.31453707900522,173.45792582774143,175.2739882330989,92633200
2022-03-31,171.40625,174.76349791877144,171.200096496919,174.57698164903633,103049300
2022-04-01,171.11175537109375,171.67130419323556,168.78524495629924,170.83689401317795,78751300
2022-04-04,175.16600036621094,175.21508596620356,171.23939202795495,171.36701159217134,76468400
2022-04-05,171.84799194335938,175.0285497272662,171.21973527998745,174.2432251533462,73401800
2022-04-06,168.67727661132812,170.44425332917226,167.00847109179495,169.19755100896808,89058800
2022-04-07,168.98158264160156,170.17919933632717,166.73360604638012,168.0195678303507,77594700
2022-04-08,166.9691925048828,168.62818685521674,166.0955227852114,168.62818685521674,76575500
2022-04-11,162.7088165283203,165.928633841103,162.46340353204835,165.61451299486157,72246700
2022-04-12,164.5837860107422,166.75322864931675,163.58249672741925,164.93718134727843,79265200
2022-04-13,167.27349853515625,167.90175523000033,163.71011188136575,164.31873134170252,70618900
2022-04-14,162.25723266601562,168.1275216935812,162.01181969599824,167.4894389842446,75329400
2022-04-18,162.04129028320312,163.5432165286054,160.56881239721503,160.91238158332047,69023900
2022-04-19,164.3285369873047,164.7408440040976,160.90258113171808,161.99221543879506,67723800
2022-04-20,164.1616973876953,165.78143254619067,163.05244055907946,165.66362409359377,67929800
2022-04-21,163.3665313720703,168.38277391627963,162.86589422198446,165.81085035411152,87227800
2022-04-22,158.82142639160156,164.78987069188585,158.5367539813237,163.40575314009817,84882400
2022-04-25,159.89149475097656,160.1761672620124,155.55259437743032,158.16377751272768,96046400
2022-04-26,153.92303466796875,159.36138008917553,153.84450071149385,159.27303500519898,95623200
2022-04-27,153.69725036621094,156.85815581050312,152.52908216912786,153.0493564954022,88063200
2022-04-28,160.6374969482422,161.50135530930604,156.01391046604311,156.32804622599997,130216800
2022-04-29,154.75743103027344,163.15055858383272,154.36477622377623,158.87055528620192,131747600
2022-05-02,155.06175231933594,155.326787567421,150.45780216717014,153.83468735250372,123055300
2022-05-03,156.5538330078125,157.7612755693258,153.45182454246736,155.24823424848756,88966500
2022-05-04,162.97386169433594,163.42541320530594,156.33788489489382,156.74036579119067,108256500
2022-05-05,153.89356994628906,161.0694428169404,152.10695632876542,160.84366707784005,130525300
2022-05-06,154.62107849121094,156.7445658918497,151.57347999950738,153.37254446386834,116124600
2022-05-09,149.4893341064453,153.19560424531912,148.92897809122042,152.3108102727315,131577900
2022-05-10,151.89791870117188,154.0902301343912,150.3446276636097,152.89085370033473,115366700
2022-05-11,144.02330017089844,152.82199025284592,143.34496277337416,150.90495956472975,142689800
2022-05-12,140.14991760253906,143.7283801675573,136.45348852465227,140.3563740008872,182602000
2022-05-13,144.62301635742188,145.59628520412005,140.6906387962122,142.1456142936274,113990900
2022-05-16,143.0795440673828,145.02608166695018,141.7425351609862,143.08938461134267,86643800
2022-05-17,146.7169952392578,147.23803400578663,144.20026129048028,146.3434146138869,78336300
2022-05-18,138.43936157226562,144.86879239266452,137.53490151723796,144.36741964547258,109742900
2022-05-19,135.0279998779297,139.26513365262397,134.29067919785544,137.51522710531395,136095600
2022-05-20,135.26394653320312,138.32137052821327,130.36814092411527,136.73858804203445,137426100
2022-05-23,140.69064331054688,140.83810147349175,135.32294116689727,135.46057378592263,117726300
2022-05-24,137.98709106445312,139.56987319517663,135.00831708564206,138.42948041758655,104132700
2022-05-25,138.14442443847656,139.39294348204788,136.00127092128338,136.0897458139781,92482700
2022-05-26,141.34933471679688,141.8998652705755,134.82158743473272,135.0673610748719,90601500
2022-05-27,147.11024475097656,147.1495619264336,142.80428649817537,142.93209356986327,90978500
2022-05-31,146.32374572753906,148.11298447709316,144.35755721198225,146.5498682074242,103718400
2022-06-01,146.19593811035156,149.17471219422913,145.18333733188115,147.36580755186637,74286600
2022-06-02,148.65370178222656,148.712685042506,144.37723540201858,145.33083811208033,72348100
2022-06-03,142.92225646972656,145.46846714813478,142.01781149904664,144.4165490295479,88570300
2022-06-06,143.6693878173828,146.05831455755788,142.45034559186539,144.54434106770898,71598400
2022-06-07,146.19593811035156,146.48102881439183,141.66387346445043,141.9096470027296,67808200
2022-06-08,145.45864868164062,147.3363475160415,144.96710149969525,146.06816238698744,53950200
2022-06-09,140.2285614013672,145.4487894010345,140.12042043523653,144.5935022148915,69473000
2022-06-10,134.81173706054688,138.38035945755297,134.74291325358388,137.90847835562724,91437900
2022-06-13,129.65048217773438,132.91434748083088,129.2179182819536,130.6237359424125,122207100
2022-06-14,130.51559448242188,131.62649584691928,129.25723497256138,130.87934957569854,84784300
2022-06-15,133.1404571533203,135.01817091312645,129.9257495131237,132.01973022353556,91533000
2022-06-16,127.86125183105469,130.15186352165608,126.85849136974434,129.84710666597098,108123900
2022-06-17,129.3358917236328,130.8301993524765,127.61547659200777,127.87109072638007,134520300
2022-06-21,133.57301330566406,134.74289788395257,131.06613492456364,131.16443535080262,81000500
2022-06-22,133.0618438720703,135.43109016830508,131.64618542069755,132.51129836255657,73409200
2022-06-23,135.9324493408203,136.24703170777948,133.33708105988757,134.5069656450009,72433800
2022-06-24,139.26515197753906,139.51092556990343,137.4071042192977,137.53489628676303,89116800
2022-06-27,139.26515197753906,141.06421647374572,138.5868144624807,140.28756352140977,70207900
2022-06-28,135.11647033691406,140.99536950005523,134.99850383222812,139.72718457219997,67083400
2022-06-29,136.876220703125,138.29187895229046,134.35950159386607,135.1361545226192,66242400
2022-06-30,134.40869140625,136.0307914536071,131.50856541206136,134.92973033059295,98964500
2022-07-01,136.58128356933594,136.68942454210836,133.36657601668242,133.74014164921843,71051600
2022-07-05,139.1668243408203,139.2159820551499,134.6150930089742,135.44090360755794,73353800
2022-07-06,140.5038299560547,141.68354006887108,138.69494011634768,138.96037976700046,74064300
2022-07-07,143.87586975097656,144.07248562850194,140.857762778016,140.8675883216018,66253700
2022-07-08,144.55416870117188,145.0555563580384,142.5486630761882,142.80426217519934,64547800
2022-07-11,142.42088317871094,144.16096449444552,141.3493138659739,143.20736171130733,63141600
2022-07-12,143.39413452148438,145.94034514627222,142.597830542374,143.2958190916168,77588800
2022-07-13,143.03041076660156,143.97417299746286,139.71737241231898,140.57267474752288,71185600
2022-07-14,145.9600067138672,146.4318877608006,140.82825345087886,141.64422349086814,78140700
2022-07-15,147.6312713623047,148.30960883923063,145.69457436327764,147.24786517980246,76259900
2022-07-18,144.5836944580078,149.00761906982018,144.219939344917,148.1916489524308,81420900
2022-07-19,148.44725036621094,148.67335787183444,144.42639797966964,145.41931789638997,82982400
2022-07-20,150.45274353027344,151.1212554478555,147.8278835762641,148.56520429371037,64823400
2022-07-21,152.7237091064453,152.93999105761137,149.37135386420036,151.8880729314102,65086600
2022-07-22,151.48500061035156,153.63797957756256,150.8165036712,152.76302623024424,66675400
2022-07-25,150.36428833007812,152.41895206482627,149.70561686969222,151.40636601369852,53623900
2022-07-26,149.03707885742188,150.50187953761252,148.25060053874955,149.68590959456228,55138700
2022-07-27,154.1393585205078,154.6702378768067,149.58764182197348,150.00053965418954,78620700
2022-07-28,154.6898956298828,154.97498637932796,151.7995959592648,154.3261405347344,81378700
2022-07-29,159.7626190185547,160.86369462647025,156.80351113658782,158.51410029473874,101786900
2022-08-01,158.77955627441406,160.82439423501998,158.17004260375904,158.28800912044616,67829400
2022-08-02,157.30490112304688,159.66433625726012,156.93133551910432,157.39339100369006,59907000
2022-08-03,163.32147216796875,163.77368717681702,158.0324196674791,158.1208945604064,82507500
2022-08-04,163.00686645507812,164.3635414140804,161.65019149607585,163.20348231849744,55474100
2022-08-05,162.78045654296875,163.27268651132164,160.46696968304354,160.673712879285,56697000
2022-08-08,162.30792236328125,165.20223729104265,161.6483359375558,163.7846124266968,60276900
2022-08-09,162.3571014404297,163.24312423537512,160.71305544763848,161.47109366714804,63135500
2022-08-10,166.6099853515625,166.7084223205678,164.30633795620102,165.07421541409994,70170500
2022-08-11,165.87164306640625,168.33279265478845,165.57630211146738,167.4172371966445,57149200
2022-08-12,169.42555236816406,169.4944567489093,166.76749865896252,167.18098503009688,68039400
2022-08-15,170.4986114501953,170.69550042466776,168.6872088503834,168.85456522976827,54091700
2022-08-16,170.3411102294922,171.01055083145,168.99240485518098,170.0949952329147,56377100
2022-08-17,171.8374786376953,173.4126054655057,169.88825224075944,170.0851412165275,79542000
2022-08-18,171.44369506835938,172.18204003423804,170.4297025169527,171.04991709522415,62290100
2022-08-19,168.85458374023438,171.04008614629294,168.64784053029155,170.34111293537597,70346300
2022-08-22,164.96595764160156,167.22036427123675,164.54263206053483,167.0530078857762,69026800
2022-08-23,164.63124084472656,166.08825245369655,164.06025224472492,164.48357785406554,54147100
2022-08-24,164.92654418945312,165.49753265907893,163.6664368846458,164.71981604973067,53841500
2022-08-25,167.38771057128906,167.49600175790545,165.73382519932846,166.15713573322356,51218200
2022-08-26,161.07733154296875,168.3918767523516,161.01826634968077,167.91934018438116,78961000
2022-08-29,158.87216186523438,160.36853027090402,157.33640664687104,158.64572524641508,73314000
2022-08-30,156.4405059814453,160.03377814075716,155.26899644924123,159.61046764917498,77906200
2022-08-31,154.7767791748047,158.084564879281,154.69802058402368,157.81875651310324,87991100
2022-09-01,155.50527954101562,155.95812264539694,152.26639832599292,154.20578537018633,74229900
2022-09-02,153.388671875,157.86796676025835,152.56172928679763,157.26744570942157,76957800
2022-09-06,152.1285858154297,154.64880073393257,151.30164311185825,154.03844040820118,73714800
2022-09-07,153.536376953125,154.2353350897476,151.22289011406963,152.41409323627113,87449600
2022-09-08,152.05967712402344,153.93014485598613,150.30732474708108,152.23687268905203,84923800
2022-09-09,154.92446899414062,155.36748802177217,152.34518854112125,153.05400095933032,68028800
2022-09-12,160.89024353027344,161.70734689387623,156.82443513422925,157.10992184119257,104956000
2022-09-13,151.44927978515625,158.04515690767866,150.9865825148229,157.41510328747248,122656600
2022-09-14,152.89646911621094,154.65866080063967,151.22289024182777,152.38454574724284,87965400
2022-09-15,150.0021514892578,152.82756164210238,149.0275457934619,152.24671887947383,90481100
2022-09-16,148.3581085205078,148.99801648832616,146.06431507986616,148.8601926989242,162278800
2022-09-19,152.079345703125,152.15810428972742,146.78296219367604,146.989690339551,81474200
2022-09-20,154.4617462158203,155.6234166633189,150.7011173572486,151.0161367015711,107689800
2022-09-21,151.3311767578125,156.2731696529989,151.21304637695786,154.89491678247586,101696800
2022-09-22,150.36642456054688,152.06953614035308,148.56486097289033,150.0120183626199,86652500
2022-09-23,148.09228515625,149.11613179254852,146.25135007934554,148.84048424162157,96029900
2022-09-26,148.42703247070312,151.38041235260212,147.31458790825445,147.33428131353384,93339400
2022-09-27,149.40162658691406,152.315634453065,147.619756600354,150.3664080888261,84442700
2022-09-28,147.511474609375,148.29904557000611,142.58917488251384,145.34566573388943,146691400
2022-09-29,140.26583862304688,144.4399538960587,138.49380784574632,143.8295935811918,128138200
2022-09-30,136.05235290527344,140.8762153477741,135.85546393289223,139.0844911492741,124925300
2022-10-03,140.23629760742188,140.84667290730152,135.55027429699052,136.0621976067289,114311700
2022-10-04,143.82957458496094,143.94770494729045,142.01815723981503,142.77619544864433,87830100
2022-10-05,144.12490844726562,145.08968986509632,140.7875903322469,141.83113033653302,79471000
2022-10-06,143.17001342773438,145.24722466977872,142.9632852357701,143.54411304208395,68402200
2022-10-07,137.9129638671875,140.87619735207727,137.28291022305208,140.32488726950297,85925600
2022-10-10,138.23785400390625,139.68501122355408,136.41661224606074,138.23785400390625,74899000
2022-10-11,136.82022094726562,139.15340092464973,136.07203689531147,137.7259221748937,77033700
2022-10-12,136.190185546875,138.1787988471096,136.0129899667056,136.96791731761857,70433700
2022-10-13,140.76792907714844,141.35859601492572,132.28187436958524,132.89224973345455,113224000
2022-10-14,136.2295379638672,142.27411991527399,136.04248821757835,142.06737676893817,88598000
2022-10-17,140.19692993164062,140.67930564113678,138.09018646721276,138.87775734642221,85250900
2022-10-18,141.51611328125,144.42026703642762,138.4249097380949,143.22907894720203,99136600
2022-10-19,141.62442016601562,142.69747799085852,139.30109390010128,139.48814370880504,61758300
2022-10-20,141.16171264648438,143.62286253921314,140.4332068704366,140.7974672692939,64522000
2022-10-21,144.98143005371094,145.55241866280005,140.43321458728877,140.64979699148353,86548600
2022-10-24,147.12753295898438,147.89541049964913,143.73114921809554,144.90265893368223,75981900
2022-10-25,149.97262573242188,150.12030373846804,147.03893927663933,147.75759083673032,74732300
2022-10-26,147.02906799316406,149.62804110263616,145.73941311718505,148.61404877344168,88194300
2022-10-27,142.5497589111328,146.73371238215424,141.89017275477124,145.76894614078407,109180200
2022-10-28,153.31979370117188,155.05243775655637,145.52287291944214,145.89695747516933,164762400
2022-10-31,150.95706176757812,151.84308459846838,149.55913065750443,150.7798662143987,97943200
2022-11-01,148.3088836669922,153.03429437423398,146.8125153766711,152.6700490040681,80379300
2022-11-02,142.77618408203125,149.80522549265257,142.74665149380002,146.63526416809174,93604600
2022-11-03,136.72181701660156,140.5808986231452,136.5938324027318,139.8523927758634,97918500
2022-11-04,136.45553588867188,140.68586767189302,132.51116441667403,140.11393200286335,140814800
2022-11-07,136.988037109375,137.21483428526327,133.78323487446542,135.2032111952328,83374600
2022-11-08,137.5599822998047,139.4631346891898,135.57794065978277,138.4573305983891,89908500
2022-11-09,132.99436950683594,136.62319988243638,132.71826464687123,136.57389221888846,74917800
2022-11-10,144.8274383544922,144.8274383544922,137.55993955287704,139.27574636621986,118854000
2022-11-11,147.61813354492188,147.9238199974,142.36225553469492,143.79210256196848,93979700
2022-11-14,146.21786499023438,148.19005093835904,145.37967994364752,146.89827154979093,73374100
2022-11-15,147.95338439941406,151.45401749484597,146.49397099909157,150.10307492440734,89868300
2022-11-16,146.72073364257812,147.78571561809946,145.24159451767315,147.05601661295836,64218300
2022-11-17,148.62393188476562,149.3733571163338,144.11747984279026,144.39358466739876,80389400
2022-11-18,149.1859893798828,150.57638399086812,147.88435456599078,150.1918083587428,74829600
2022-11-21,145.95159912109375,148.27877887780713,145.66563881154514,148.07170780282644,58724100
2022-11-22,148.0914306640625,148.32809838668408,144.8866286056601,146.06995217218372,51804100
2022-11-23,148.9690704345703,149.71849566611712,147.26311878314957,147.3715896104273,58301400
2022-11-25,146.05020141601562,146.80949706533488,145.07396415260516,146.24741696157628,35195900
2022-11-28,142.21432495117188,144.6006680593858,141.38601049309779,143.12152865000314,69246000
2022-11-29,139.2067413330078,142.79611910491008,138.39815293017466,142.28334655275705,83763800
2022-11-30,145.97132873535156,146.6517352342591,138.595358159877,139.43352808516767,111380900
2022-12-01,146.2474365234375,147.05603992895004,144.57108159207246,146.14883626075934,71250400
2022-12-02,145.75440979003906,145.94176987503505,143.62444521311474,143.93014669455255,65447400
2022-12-05,144.59083557128906,148.82116833526126,143.74279490633833,145.71498109956457,68826400
2022-12-06,140.92254638671875,145.25149381357704,139.94630895435972,145.02469664926164,64727200
2022-12-07,138.97996520996094,141.37616424281495,138.05303527991336,140.21258159638873,69721100
2022-12-08,140.6661376953125,141.52404869832506,139.13770582962303,140.38017739203008,62128300
2022-12-09,140.18296813964844,143.54554848860332,138.94048147476286,140.36045763658447,76097000
2022-12-12,142.48056030273438,142.49041581439468,139.09825402700014,140.715445687667,70462700
2022-12-13,143.4469451904297,147.8843635443182,142.23405505341051,147.420898645852,93886200
2022-12-14,141.2183837890625,144.6204015969479,139.19689014923398,143.32862218685506,82291200
2022-12-15,134.60169982910156,139.8279959453362,134.13823489702543,139.14758934094417,98931900
2022-12-16,132.6393585205078,135.7356898104224,131.8702072160859,134.78904899571134,160156900
2022-12-19,130.5291290283203,133.31977409731115,129.49374338835526,133.23102933615738,79592600
2022-12-20,130.46011352539062,131.39689891358117,128.08362566369047,129.56276523870264,77432800
2022-12-21,133.56626892089844,134.90735575255198,130.90382132695478,131.13061846159687,85928000
2022-12-22,130.3910675048828,132.68866590052642,128.48791532003168,132.48159480562174,77852100
2022-12-23,130.0261993408203,130.57840891041715,127.83707208521685,129.09926968617603,63814900
2022-12-27,128.2216796875,129.58249292838534,126.92990018333715,129.55291134024313,69007800
2022-12-28,124.28713989257812,129.20774095615354,124.11950591882604,127.86665411955441,85438400
2022-12-29,127.80751037597656,128.6654064445158,125.95365830174214,126.2100370570361,75703700
2022-12-30,128.12306213378906,128.14278820773606,125.6578370442106,126.62421153870504,77034200
2023-01-03,123.33065032958984,129.07956676089162,122.44316513126005,128.4681939201586,112117500
2023-01-04,124.60269927978516,126.87071595607891,123.34050157319417,125.12532731236189,89113600
2023-01-05,123.28134155273438,125.99309725880703,123.02496279365805,125.36199835089351,80962700
2023-01-06,127.81735229492188,128.47803270861587,123.15313725839339,124.25756397513359,87754700
2023-01-09,128.33998107910156,131.55465346679887,128.08360234953716,128.65553802002677,70790800
2023-01-10,128.9119110107422,129.43453900512318,126.33820813140562,128.44844617850507,63896200
2023-01-11,131.63352966308594,131.65324068500396,128.64566976510943,129.42467643515656,69458900
2023-01-12,131.55467224121094,132.39284227281698,129.6120678053339,132.01813716022232,71379600
2023-01-13,132.88587951660156,133.04365799858422,129.82900042275443,130.19384999657817,57809700
2023-01-17,134.04945373535156,135.38066994863155,132.26462822678656,132.95489015736672,63646600
2023-01-18,133.3296356201172,136.68234566241608,133.15213106325567,134.91724588612811,69672800
2023-01-19,133.38882446289062,134.3551915357547,131.90968473956121,132.21537120826198,58280400
2023-01-20,135.95263671875,136.10055969629155,132.3534032973474,133.3986594670003,80223600
2023-01-23,139.1475830078125,141.32685514540398,135.9822178760608,136.19915953850284,81760300
2023-01-24,140.54782104492188,141.16906439218428,138.34883807200805,138.35869358432294,66435100
2023-01-25,139.8871612548828,140.44922647148869,136.87957443059517,138.93064978868992,65799300
2023-01-26,141.95794677734375,142.24390711048304,139.9265826744515,141.17892492583348,54105100
2023-01-27,143.90052795410156,145.18245171809102,141.09017225065355,141.16906148730033,70555800
2023-01-30,141.01126098632812,143.52580046777817,140.86335309483502,142.94400936579723,64015300
2023-01-31,142.28334045410156,142.3326481092963,140.301299106578,140.71545632636276,65874500
2023-02-01,143.4075164794922,144.571114195543,139.3546881653997,141.967828937729,77663600
2023-02-02,148.7225341796875,149.07751316889315,146.10937904089744,146.82922262442523,118339000
2023-02-03,152.35137939453125,155.19133225252133,145.7741404197881,145.97135602457382,154357300
2023-02-06,149.61988830566406,150.97084596204795,148.68310295478358,150.4482178700856,69858300
2023-02-07,152.49929809570312,153.07123392254363,148.54507002072867,148.54507002072867,83322600
2023-02-08,149.80726623535156,152.43027756762845,149.06769638917788,151.74001538718377,64120100
2023-02-09,148.77183532714844,152.1837234806971,148.32809651858278,151.64136936063508,56007100
2023-02-10,149.1372528076172,149.46316214008027,147.3694580195322,147.60648709847575,57450700
2023-02-13,151.9420623779297,152.34696638235076,149.04839042017383,149.0780171748983,62199000
2023-02-14,151.3000946044922,151.8630330104811,148.98911761787627,150.23348636384839,61707600
2023-02-15,153.40367126464844,153.5715611952289,150.98405804107867,151.21120146838675,65573800
2023-02-16,151.8037872314453,154.39129073768956,151.44825113314346,151.6062554560653,68167900
2023-02-17,150.6581573486328,151.10257366904202,148.97924287733272,150.46064065840176,59144100
2023-02-21,146.63865661621094,149.42369229489003,146.56953254062006,148.33732765365474,58867200
2023-02-22,147.06329345703125,148.09038924690807,145.33499611487431,147.0237810788301,51011300
2023-02-23,147.5471954345703,148.4755403448602,145.41399433616917,148.22864074401951,48394200
2023-02-24,144.89060974121094,145.3646528906462,143.91288161778817,145.28564318748033,55469600
2023-02-27,146.08558654785156,147.32008482695682,145.62141398934327,145.87819927591497,44998500
2023-02-28,145.5819091796875,147.2311969873109,145.0091001993268,145.2263730908277,50547000
2023-03-01,143.5079345703125,145.40412186804485,143.2116520085762,145.00908849876785,55479000
2023-03-02,144.10052490234375,144.89060684866965,142.11544194013547,142.58950014966683,52238100
2023-03-03,149.15701293945312,149.236022634522,145.50290119247913,146.20408774818284,70732300
2023-03-06,151.9222869873047,154.36165661510182,151.55688034550414,151.88277460629178,87558000
2023-03-07,149.71994018554688,152.11979733212814,149.25576768015293,151.79388801539042,56182000
2023-03-08,150.97418212890625,151.56674727343432,149.9470862905562,150.91492862836495,47204800
2023-03-09,148.7224578857422,152.62346903568368,148.3669218148619,151.65562670311525,53833600
2023-03-10,146.6583709716797,149.0681136196498,145.7794089470896,148.34717096498875,68572400
2023-03-13,148.60394287109375,151.24082897559975,145.86829089184172,145.97692732623966,84457100
2023-03-14,150.69766235351562,151.49761478500946,148.23855155589501,149.4039106364519,73695900
2023-03-15,151.0926971435547,151.34946732376167,148.06076257128353,149.3150168625453,77167900
2023-03-16,153.9171905517578,154.51962607632115,149.75939536263166,150.2729506629692,76161100
2023-03-17,153.07777404785156,154.7962009363973,152.36670189187112,154.14438228182223,98944600
2023-03-20,155.447998046875,155.8628026785515,152.23830291826783,153.14690680049927,73641400
2023-03-21,157.30467224121094,157.4231792271752,154.59864719510006,155.3689878125348,73938300
2023-03-22,155.87266540527344,160.1292123200188,155.85290921676807,157.32443633451206,75701800
2023-03-23,156.9590301513672,159.54654859691777,155.72453196517867,156.86027933820688,67622100
2023-03-24,158.2626495361328,158.35152977877317,155.89241931505222,156.88988831142535,59196500
2023-03-27,156.3170928955078,158.77621864094067,155.9121738846932,157.95651005912973,52390300
2023-03-28,155.6949005126953,156.52449472162644,154.04561279409856,156.01093927220384,45992200
2023-03-29,158.77621459960938,159.0527409732352,157.37382654206215,157.39356766192319,51305700
2023-03-30,160.34649658203125,160.45513302219786,159.27001781009866,159.5267880006936,49501700
2023-03-31,162.85498046875,162.95374634284104,159.9020707098414,160.42549668949934,68749800
2023-04-03,164.1092529296875,164.22775993608965,162.18343872786127,162.23282167038158,56976200
2023-04-04,163.57595825195312,164.77094409936112,163.06240276891677,164.53393008377392,46278300
2023-04-05,161.7291259765625,163.0031364887197,159.7934413430479,162.6969833628771,51511700
2023-04-06,162.61801147460938,162.91429410929996,159.99099522034615,160.41565544340602,45390100
2023-04-10,160.02059936523438,160.02059936523438,158.09478511621296,159.41816361866267,47716900
2023-04-11,158.8058624267578,160.34651387560373,158.5194503856298,160.33664331436313,47644200
2023-04-12,158.1145477294922,160.05023261805474,157.7985089324277,159.22065338009935,50133100
2023-04-13,163.50680541992188,163.7438344852104,159.41814822842684,159.625550544249,68445600
2023-04-14,163.16114807128906,164.25738296375815,161.78838681581487,162.54882677930067,49386500
2023-04-17,163.18092346191406,163.3389428652635,161.99580807591275,163.04266025137323,41516200
2023-04-18,164.4055633544922,165.3339085806636,163.59572515479,164.0401566431714,49923000
2023-04-19,165.55116271972656,166.07458878664085,163.48707013576512,163.74385542338587,47720200
2023-04-20,164.5832977294922,165.78816920558748,163.50681889136789,164.03024493447634,52456400
2023-04-21,162.97352600097656,164.38578477260316,162.45009994594136,163.00315275355902,58337300
2023-04-24,163.27967834472656,163.54633418620037,161.85753394961128,162.95376899838274,41949600
2023-04-25,161.73902893066406,164.24752277490956,161.69951654722522,163.14141715156464,48714100
2023-04-26,161.7291259765625,163.23027992570658,160.78103984940847,161.03781003602157,45498800
2023-04-27,166.32147216796875,166.4696059197472,163.14140369362494,163.14140369362494,64902300
2023-04-28,167.57571411132812,167.74361912541863,165.79804878354395,166.40048449959994,55275900
2023-05-01,167.48684692382812,168.33618234272492,166.54863124552048,167.180693761707,52472900
2023-05-02,166.4498748779297,168.2374411469596,165.46227619804043,167.98065584567004,48425700
2023-05-03,165.3733673095703,168.80033534118735,165.08697037258037,167.3979472668269,65136000
2023-05-04,163.7339324951172,164.96843049805557,162.27229107911376,162.84509996082386,81235400
2023-05-05,171.41749572753906,172.13843848392673,168.64233101133158,168.85960390825258,113453200
2023-05-08,171.3483428955078,171.6940084046762,169.97558155808977,170.34098818753938,55962800
2023-05-09,169.63978576660156,171.38782412964582,169.4718958426143,170.90391054566956,45326900
2023-05-10,171.40760803222656,171.87178057282452,169.76819076413835,170.87431142683658,53724500
2023-05-11,171.59524536132812,172.42482451357537,170.03483786854437,171.6940112425966,49514700
2023-05-12,170.6656494140625,172.13919719280526,169.1129675562631,171.70405030041803,45533100
2023-05-15,170.17117309570312,171.29859231583094,169.57778820493917,171.2491410598665,37266700
2023-05-16,170.17117309570312,171.2293575393998,169.90414838581887,170.09205410424096,42110300
2023-05-17,170.7843017578125,171.02164360752573,168.53934785672587,169.81512066054435,57951600
2023-05-18,173.11825561523438,173.30616130301183,170.6755118549318,171.09087517456516,65496700
2023-05-19,173.22703552246094,174.44345770293714,173.00946211256743,174.44345770293714,55809500
2023-05-22,172.2776336669922,172.78201528070161,171.5359102025042,172.06006024351018,43570900
2023-05-23,169.666748046875,171.46667068919274,169.38983919273392,171.21942956296672,50747300
2023-05-24,169.9436798095703,170.51728111058472,168.63825433413288,169.2019563309073,45143500
2023-05-25,171.08099365234375,171.98093998050487,169.79533663873903,170.50739236656926,56058300
2023-05-26,173.4940643310547,173.83032378662378,171.1996741500605,171.40736336995897,54835000
2023-05-30,175.3434295654297,177.01478218217846,174.62148962052487,175.00718521743593,55964400
2023-05-31,175.29397583007812,177.37080753192686,174.80937774220615,175.37309480914308,99625300
2023-06-01,178.10263061523438,178.13229834590607,174.97749886766357,175.73900583250884,68901800
2023-06-02,178.953125,179.77396735384346,177.28177256425622,179.03224397161875,61996900
2023-06-05,177.59828186035156,182.9090174472027,176.0752677783844,180.6146272002442,121946500
2023-06-06,177.23236083984375,178.1323071989488,175.47198988688834,177.98396853821802,64848400
2023-06-07,175.8577117919922,179.2103015517758,175.36322943750844,176.4708650826228,61944600
2023-06-08,178.57733154296875,178.84434109966037,175.50165126625262,175.93678298136524,50214900
2023-06-09,178.9630126953125,180.21898667599456,178.63665261745342,179.49704685610018,48900000
2023-06-12,181.7617950439453,181.86069753893617,178.97292275194738,179.26961514651788,54274900
2023-06-13,181.28709411621094,182.11782073883157,180.4266997635254,180.78272761470595,54929100
2023-06-14,181.92002868652344,182.35517550952275,180.01133431975106,181.34642742806082,57462900
2023-06-15,183.95730590820312,184.46168752877136,181.75191900244837,181.9299404833556,65433200
2023-06-16,182.87933349609375,184.92649747799743,182.2365125370702,184.66935702206612,101256200
2023-06-20,182.96832275390625,184.0463055632048,182.37495308855412,182.37495308855412,49799100
2023-06-21,181.92990112304688,183.36389651223345,180.57500960781312,182.85951500078752,49515700
2023-06-22,184.93637084960938,184.98582209518955,181.64311708726814,181.7123518491607,51245300
2023-06-23,184.61990356445312,185.49019723798705,182.96833449974372,183.5023838322858,53117000
2023-06-26,183.2254638671875,185.97478407089304,183.18589683511047,184.76824612936457,48088700
2023-06-27,185.9846954345703,186.31105559004374,183.62107045135676,183.83864388833905,50730800
2023-06-28,187.16156005859375,187.80438104509085,185.52977442185306,185.8561194768788,51216800
2023-06-29,187.497802734375,187.97251662731944,186.85498175364998,186.99343619982474,46347300
2023-06-30,191.8294677734375,192.3338342950544,189.14936702429083,189.51529419368583,85213200
2023-07-03,190.33612060546875,191.7404484310712,189.6438333602496,191.64154594163958,31458200
2023-07-05,189.21859741210938,190.8503829545932,188.51642591121868,189.45595434700246,46920300
2023-07-06,189.6933135986328,189.90100282202306,187.11211517011608,187.74505196417672,45094300
2023-07-07,188.57574462890625,190.5437894270152,188.140612922507,189.29769958287028,46815000
2023-07-10,186.5286102294922,187.89338618022617,184.97592859390042,187.17143117099337,59922200
2023-07-11,186.00445556640625,187.21099353236755,184.54079224834234,187.07253909809666,46638100
2023-07-12,187.67581176757812,189.584506155405,186.39015480100775,187.58679348705417,60750200
2023-07-13,188.43728637695312,189.08012234659634,187.68567880071848,188.3977344373199,41342300
2023-07-14,188.58563232421875,189.07021524413713,187.53733242757914,188.13070204000164,41616200
2023-07-17,191.8492431640625,192.17560328436687,189.69329254549467,189.7822957354681,50520200
2023-07-18,191.59213256835938,192.18551744143946,190.29659118888551,191.21633623311922,48288200
2023-07-19,192.94700622558594,196.0424552700726,190.52403079875788,190.96907695660155,80507300
2023-07-20,190.99874877929688,194.30188710755215,190.37569621729313,192.93711105379268,59581200
2023-07-21,189.82183837890625,192.8183994461989,189.11966698173345,191.95800520620395,71951700
2023-07-24,190.6229248046875,192.759091941705,190.1284425094743,191.27564505606543,45377800
2023-07-25,191.4833221435547,192.29428036369316,190.79104993758423,191.19652904765346,37283200
2023-07-26,192.35360717773438,193.48102617402893,191.18663623876353,191.53276478098633,47471900
2023-07-27,191.08773803710938,195.02381285425056,190.42513357699178,193.85684188907683,47460200
2023-07-28,193.6689453125,194.4601200346163,191.99759267326004,192.5217427199515,48291400
2023-07-31,194.28208923339844,194.32165626732748,193.10521896564188,193.8963936498011,38824100
2023-08-01,193.45135498046875,194.55899044039094,193.12499487022708,194.07440747187567,35175100
2023-08-02,190.45480346679688,193.026102358892,189.73286353794578,192.88764791924382,50389300
2023-08-03,189.06036376953125,190.247118290272,188.58566497931545,189.45595867004647,61235200
2023-08-04,179.98165893554688,185.31217710978225,179.9124241755589,183.47270249377223,115956800
2023-08-07,176.8763427734375,181.10911048560996,175.39289572224425,180.12014578481444,97576100
2023-08-08,177.81582641601562,178.28064095471063,175.6203239410226,177.70703971354655,67823000
2023-08-09,176.22360229492188,178.93335560733482,175.05661623443876,178.87402014653773,60378500
2023-08-10,176.00604248046875,178.75536303948698,175.64013038367378,177.4993736907431,54686900
2023-08-11,176.06541442871094,176.88736516767094,174.83745221066062,175.59998737271852,52036700
2023-08-14,177.71925354003906,177.94701832041608,175.5900993670502,176.2437010263368,43675600
2023-08-15,175.72872924804688,177.73903700795614,175.33261529851168,177.14486608365337,43622600
2023-08-16,174.85728454589844,176.80816171418965,174.78795629022963,175.4118501481314,46964900
2023-08-17,172.31222534179688,175.78817341312092,171.7972650350441,175.42176719468313,66062900
2023-08-18,172.79747009277344,173.40155375891743,170.29201204567954,170.62871045348956,61172200
2023-08-21,174.13436889648438,174.42156439236868,172.05474771785234,173.37184868637627,46311900
2023-08-22,175.51089477539062,175.95652682942284,174.54040484048784,175.34254555990208,42038900
2023-08-23,179.36317443847656,179.78901139882078,176.6002434206227,176.78840288374346,52722800
2023-08-24,174.6691436767578,179.34336155038372,174.30272234931607,178.91752463221655,54945800
2023-08-25,176.87750244140625,177.41225784961358,174.1145717959043,175.6594375427037,51449600
2023-08-28,178.4421844482422,178.83829845949455,176.81809282485807,178.34314839003864,43820700
2023-08-29,182.3340606689453,183.10649358507428,177.75887876406125,177.95693577395411,53003900
2023-08-30,185.82980346679688,186.027875570887,182.9480417259573,183.14609871926743,60813900
2023-08-31,186.0476531982422,187.28552817850573,185.6614368088311,186.01794540757814,60794500
2023-09-01,187.62225341796875,188.0777829772235,186.45369150574666,187.65196121049496,45766500
2023-09-05,187.8599395751953,188.13722241444697,185.79021584264493,186.4537151444815,45280000
2023-09-06,181.1357879638672,187.01817274976997,179.70975345688714,186.57252563325392,81755800
2023-09-07,175.8376922607422,176.48139642487362,171.85668142571674,173.48077306769622,112488800
2023-09-08,176.45166015625,178.4916910043361,176.06544373133067,176.62002446653017,65551300
2023-09-11,177.62020874023438,178.5510931586707,175.61979850768685,178.32332838951461,58953100
2023-09-12,174.58990478515625,178.38275585399316,173.12426491742679,177.7489644157226,90370200
2023-09-13,172.5201873779297,175.58021106580875,172.29240747476095,174.7978655233742,84267900
2023-09-14,174.03533935546875,174.39184798430878,171.89628758242847,172.31221179761187,60895800
2023-09-15,173.31240844726562,174.78796097983732,172.13396406629226,174.76815074757482,109259500
2023-09-18,176.24371337890625,177.64004017321716,174.46117014263496,174.76816076178545,67257600
2023-09-19,177.33303833007812,177.88760394386657,175.4118538031827,175.7980702206982,51826900
2023-09-20,173.78778076171875,177.95693597912128,173.69864226300012,177.52120149038592,58436200
2023-09-21,172.24288940429688,174.58991092023126,172.17357625479622,172.85688574257026,63149100
2023-09-22,173.09454345703125,175.36233909077248,172.36173107244514,172.97571228348323,56725400
2023-09-25,174.37203979492188,175.2534062611611,172.46075278406465,172.51027081019092,46172700
2023-09-26,170.29200744628906,173.50057001651604,169.99491440180657,173.12426626356617,64588900
2023-09-27,168.77685546875,171.36153958960574,167.41025147102962,170.9456153197968,66921800
2023-09-28,169.03433227539062,170.36133082824708,165.9941036111019,167.69742105029528,56294400
2023-09-29,169.54928588867188,171.39124466953126,168.68771453081845,170.35142654777866,51861100
2023-10-02,172.06463623046875,172.6093042881744,169.2719827950215,169.55917827580257,52164500
2023-10-03,170.7277069091797,171.94578673866616,169.16304627124387,170.58906551933305,49594600
2023-10-04,171.97549438476562,172.52016238398562,169.3115850792172,169.43041623876405,53020300
2023-10-05,173.21337890625,173.74813426454526,171.00499899742474,172.10423261632292,48527900
2023-10-06,175.76837158203125,176.26352163595584,171.5001654241457,172.1141617663429,57266700
2023-10-09,177.2538299560547,177.31324554755352,174.0947700479303,175.0949677633166,42390800
2023-10-10,176.65963745117188,177.97673842144718,176.2239029815132,176.37245706568626,43698000
2023-10-11,178.05593872070312,178.10545674166264,175.8772817954906,176.4714527146694,47551100
2023-10-12,178.95712280273438,180.57130155585352,177.30330847610173,178.3233313959954,56743100
2023-10-13,177.11520385742188,180.16531529722363,176.4120840387178,179.66026761502152,51427100
2023-10-16,176.9864044189453,177.34291299761338,174.79783492835955,175.03551235106417,52517000
2023-10-17,175.43165588378906,176.6893412361662,173.1044597256959,174.93650583601004,57549400
2023-10-18,174.13436889648438,175.85749653944856,173.4114540423014,173.87689630601963,54764400
2023-10-19,173.75808715820312,176.114991459484,173.49070186176996,174.33244800123364,59302900
2023-10-20,171.2030792236328,173.71843472751576,170.96540176933075,173.60950111647477,64244000
2023-10-23,171.3218994140625,172.32209697076135,168.28167117128655,169.25217604772806,55980100
2023-10-24,171.7576446533203,171.98540943587548,169.78694209599936,171.3714282347356,43816600
2023-10-25,169.4403533935547,171.38133313025827,168.99470625930118,170.2127862637829,57157000
2023-10-26,165.2711639404297,169.71761631425704,164.06299674951495,168.71740365821697,70625300
2023-10-27,166.5882568359375,167.321084230187,165.21174052607998,165.2909663344403,58499100
2023-10-30,168.63818359375,169.5096524459554,167.23195938000526,167.38051344932887,51131000
2023-10-31,169.11354064941406,169.24226937820893,166.27136928302133,167.70731641765212,44846000
2023-11-01,172.28250122070312,172.53997379429074,168.46983997695696,169.34130885799144,56934900
2023-11-02,175.8475799560547,176.05553449603235,173.7580463313888,173.81746191423957,77334800
2023-11-03,174.93649291992188,175.10485722122255,171.66851493448934,172.5498813500308,79829200
2023-11-06,177.49148559570312,177.68954259678722,174.50079012453784,174.66913933099835,63841300
2023-11-07,180.0563507080078,180.67033186387974,177.23398970359145,177.4419442386158,70530000
2023-11-08,181.115966796875,181.67053238037917,179.8285737718667,180.5812114444328,49340300
2023-11-09,180.640625,182.33402952271553,180.04643896103886,181.18529301725127,53763500
2023-11-10,184.8351287841797,185.00371491529177,181.98922784820692,182.425536381392,66133400
2023-11-13,183.24856567382812,184.46823531200093,182.66352248721634,184.26000678217753,43627500
2023-11-14,185.86639404296875,186.53076740007103,184.7359652497266,186.12420582715117,60108400
2023-11-15,186.4315948486328,187.90909130382101,186.20353000343164,186.2729495954029,53790500
2023-11-16,188.1173553466797,189.35686136039257,187.0662415372727,187.97853127837138,54412900
2023-11-17,188.09750366210938,188.78171334674664,186.98691120628507,188.65279989002153,50922700
2023-11-20,189.8427276611328,190.29887250675844,188.2859160609316,188.2958266614519,46505100
2023-11-21,189.03953552246094,189.91215257469014,188.14709726863614,189.8030754431615,38134500
2023-11-22,189.70391845703125,191.31031344701395,189.2279523730899,189.88241519518988,39617700
2023-11-24,188.37513732910156,189.2973223945837,187.66118076777323,189.26757546541884,24048300
2023-11-27,188.1966552734375,189.0692722786972,187.31412766791345,188.3255687303111,40552600
2023-11-28,188.80154418945312,189.47584330827428,187.80993940877178,188.18675406725092,38415400
2023-11-29,187.7801971435547,190.47736342450784,187.38356127369806,189.2973512852548,43014200
2023-11-30,188.35533142089844,188.7222354910008,186.61011239504938,188.24625428611483,48794400
2023-12-01,189.634521484375,189.95182717598524,187.6413860046919,188.7321574179856,45704800
2023-12-04,187.83969116210938,188.454496430777,185.8763178825686,188.3850768316175,43389500
2023-12-05,191.7961883544922,192.76795676998717,188.58338352707358,188.61314558971708,66628400
2023-12-06,190.7054443359375,193.12494736273675,190.4972006683192,192.81755229252437,41089700
2023-12-07,192.63905334472656,193.3629205543118,191.96475426663108,192.0044269286476,47477700
2023-12-08,194.0669403076172,194.34458838141987,192.04405847770036,192.5696076981615,53406400
2023-12-11,191.55819702148438,191.8656072016425,189.81297812056516,191.48879255742054,60943700
2023-12-12,193.07537841796875,193.08528901898003,190.1104746012234,191.45905774250062,52696900
2023-12-13,196.29808044433594,196.33773797632358,193.214189106248,193.45216455954898,70404200
2023-12-14,196.4468231201172,197.9441408874326,194.51319682969313,196.35758232148717,66831600
2023-12-15,195.9113311767578,196.7343496927442,195.34610928310804,195.87165851894784,128538400
2023-12-18,194.24545288085938,194.97924583916173,192.75804576345098,194.4437708037096,55751900
2023-12-19,195.28663635253906,195.29654695271066,194.24544836840317,194.51318587990949,40714100
2023-12-20,193.19436645507812,196.0204310779547,193.19436645507812,195.24698053858313,52242800
2023-12-21,193.04559326171875,195.42545358966169,191.875506993429,194.45368523269553,46482500
2023-12-22,191.97470092773438,193.76950324713707,191.34998504370557,193.54142324239356,37149600
2023-12-26,191.42930603027344,192.2622504150879,191.21115176796184,191.9846022868164,28919300
2023-12-27,191.52841186523438,191.87547950835017,189.48570892290255,190.8739643646812,48087700
2023-12-28,191.954833984375,193.02576884449476,191.54827243799232,192.51013017909935,34049900
2023-12-29,190.9136505126953,192.76794644853246,190.1203637314106,192.27214410156537,42672100
2024-01-02,184.08151245117188,186.85800888690832,182.34620407017263,185.57883023572913,82488700
2024-01-03,182.7032012939453,184.31952210922134,181.89007802002808,182.6734543576498,58414500
2024-01-04,180.3828125,181.55289876959398,179.36146088139282,180.62078794157884,71983600
2024-01-05,179.65895080566406,181.22568820887324,178.6574354024576,180.46216340525032,62379700
2024-01-08,184.00218200683594,184.04185467153414,179.97626898919978,180.56131218264795,59144500
2024-01-09,183.585693359375,183.59560395931726,181.19592240352762,182.37593441619447,42841800
2024-01-10,184.6268768310547,184.8351053395885,182.3759299825551,182.8023278606972,46792900
2024-01-11,184.03192138671875,185.4796709750172,182.07845882443647,184.97394287034564,49128400
2024-01-12,184.35914611816406,185.17226924419936,183.63527891547233,184.49797017252533,40477800
2024-01-16,182.08836364746094,182.71306427754865,179.4110190331086,180.630703626113,65603000
2024-01-17,181.14634704589844,181.39424823145328,178.786338048284,179.74819585869176,47317400
2024-01-18,187.04640197753906,187.55211493445296,184.26990575318283,184.52771753168435,78005800
2024-01-19,189.95179748535156,190.33852272040096,187.23481023986653,187.74052319933506,68903000
2024-01-22,192.26223754882812,193.69015075906108,190.64591702187175,190.68558968364889,60133900
2024-01-23,193.54139709472656,194.10661903356933,192.20273983497614,193.38275184285894,42355600
2024-01-24,192.8671112060547,194.73133285541883,192.70845082511164,193.7793857004472,53631300
2024-01-25,192.53988647460938,194.62226243680658,191.48878789336808,193.58107445570798,54822100
2024-01-26,190.80458068847656,193.1249321296598,190.3286146537771,192.63905549468925,44594000
2024-01-29,190.1204071044922,190.58646262741968,187.98846257843766,190.39805527168002,47145600
2024-01-30,186.46133422851562,190.18977744614463,185.89612743839433,189.33699683048337,55859400
2024-01-31,182.85189819335938,185.52924295226458,182.80233006356883,185.46973396127981,55467800
2024-02-01,185.29127502441406,185.38051582576702,182.27680306565713,182.44537406733116,64885400
2024-02-02,184.2897491455078,185.75731994134992,177.74515173237538,178.35003123610636,102551700
2024-02-05,186.1043701171875,187.6611968198497,184.27982102914154,186.57042555488334,69668800
2024-02-06,187.71078491210938,187.72069551270494,185.2020260688322,185.291266866256,43490800
2024-02-07,187.81985473632812,189.4460858813363,187.02656792958788,189.03952431241242,53439000
2024-02-08,186.739013671875,187.94875754592414,185.77715585449096,187.8000228857875,40962000
2024-02-09,187.50350952148438,188.63538073939827,186.65956394365634,187.30492339729363,45155200
2024-02-12,185.8156280517578,187.32479480430874,185.45819421957458,187.0765772861258,41781900
2024-02-13,183.72067260742188,184.88234393093236,182.20158259974826,184.4454786725173,56529500
2024-02-14,182.83702087402344,184.2071864451767,181.13922150541597,183.9986922104331,54630500
2024-02-15,182.54908752441406,183.17460050228618,180.05698915939104,182.2413002337134,65434500
2024-02-16,181.0101318359375,183.53203018346474,180.37469562592958,182.11221816970058,49752500
2024-02-20,180.26548767089844,181.12927978468986,178.7166127841021,180.49384354523508,53665600
2024-02-21,181.02008056640625,181.5860086349742,179.37191259479573,180.64278508736416,41371400
2024-02-22,183.05545043945312,183.64125529629035,181.15908011476066,182.17179668082835,52292200
2024-02-23,181.21864318847656,183.72066477086588,180.9307023940782,183.6908798817894,45119700
2024-02-26,179.8683319091797,181.45691481099774,179.36195851579282,180.94063332165365,40867400
2024-02-27,181.32785034179688,182.60864595739088,178.27973221361,179.80876047563007,54318900
2024-02-28,180.1265106201172,181.81438693718425,178.84571472275368,181.20873550664876,48953900
2024-02-29,179.4612579345703,181.26828866128915,178.2499552858893,179.97755459220346,136682600
2024-03-01,178.3790283203125,179.24282037465971,176.11528592616577,178.26981201401622,73563100
2024-03-04,173.8515625,175.63871657984365,172.55088992856452,174.89406399657693,81510100
2024-03-05,168.90704345703125,170.8133520831047,168.41060844555398,169.5424796657224,95132400
2024-03-06,167.91416931152344,170.01906401050476,167.47730408815008,169.8403395327639,68587700
2024-03-07,167.79501342773438,169.5126741160914,167.2886552317426,167.9439378530283,71765100
2024-03-08,169.5126953125,172.4615205019895,167.73546463179477,167.79503440936114,76267000
2024-03-11,171.51829528808594,173.13667826239134,170.8232893067872,171.7069430151515,60139500
2024-03-12,171.994873046875,172.7891721100731,169.79070034274764,171.91544162555573,59825400
2024-03-13,169.90985107421875,171.95516088785197,169.54247886546352,171.53815729817867,52488700
2024-03-14,171.76651000976562,173.06716728584055,170.82328653971078,171.67715534575908,72913500
2024-03-15,171.3892059326172,171.3892059326172,169.07581713096124,169.94954753501827,121752700
2024-03-18,172.48138427734375,176.44294118443133,172.282813299669,174.31819990832292,75604200
2024-03-19,174.82456970214844,175.350789645184,171.7963128554373,173.09697026746844,55215200
2024-03-20,177.39610290527344,177.39610290527344,173.84162605000233,174.467139074951,53423100
2024-03-21,170.1481170654297,176.22449141078243,169.62189720831483,175.7876262124245,106181300
2024-03-22,171.0516815185547,171.8161958354467,168.8475084023186,170.535384758446,71160100
2024-03-25,169.63186645507812,170.71409125238694,168.24183919385965,169.35386403283357,54288300
2024-03-26,168.50001525878906,170.19781488682668,168.37093727946544,168.78794096266762,57388400
2024-03-27,172.07431030273438,172.36225110852925,168.89712909220745,169.19499314475576,60273300
2024-03-28,170.25733947753906,171.00199196056712,169.29425438748996,170.52541861342735,65672700
2024-04-01,168.81768798828125,170.02899062252595,168.27160644825386,169.969420845431,46240500
2024-04-02,167.63616943359375,168.13260444031488,167.0305181193942,167.87446369081778,49329500
2024-04-03,168.44039916992188,169.46305411699578,167.37803608655156,167.5865303145986,47691700
2024-04-04,167.6163330078125,170.69422114433502,167.6163330078125,169.0758380772312,53704400
2024-04-05,168.3708953857422,169.1751176568126,167.74538244157907,168.38081863168355,42104800
2024-04-08,167.2489776611328,167.99363029110225,167.04048340873945,167.8248441796421,37425500
2024-04-09,168.46026611328125,168.86734648560252,167.1496854743383,167.49718091534808,42373800
2024-04-10,166.583740234375,167.88439761067826,165.91851910107465,167.59647195447172,49709300
2024-04-11,173.79196166992188,174.20898041040104,166.96102623293754,167.13973556457645,91070300
2024-04-12,175.29119873046875,177.08829097776882,172.96788660357228,173.0175179827845,101670900
2024-04-15,171.45870971679688,175.37061964403054,171.27006200710903,174.10967059769038,73531800
2024-04-16,168.17234802246094,172.52110890421707,167.0702615685236,170.52544539032877,73711200
2024-04-17,166.8021697998047,169.43326939438703,166.8021697998047,168.4006911997193,50901200
2024-04-18,165.8489990234375,167.4375970919546,165.36250241682455,166.83194578270678,43122900
2024-04-19,163.8235626220703,165.21357466916862,162.9101239696921,165.02494208062998,68149400
2024-04-22,164.65757751464844,166.06745127090076,163.5952143613438,164.33986695337822,48116400
2024-04-23,165.7100067138672,165.85894631264824,163.74412823991455,164.17107024309314,49537800
2024-04-24,167.81492614746094,168.09292859262322,165.02496329779848,165.35259713317066,48251800
2024-04-25,168.67869567871094,169.39356334150216,166.9510963019663,168.3212618473153,50558300
2024-04-26,168.09291076660156,170.11835910227322,167.97375605274175,168.66877724193844,44838400
2024-04-29,172.262939453125,174.77489926024026,171.86579752591055,172.13386150928326,68169400
2024-04-30,169.11557006835938,173.7423484830038,168.78792110938284,172.0941804408779,65934800
2024-05-01,168.09291076660156,171.47860143970507,167.90426302381934,168.37091318228207,50383100
2024-05-02,171.79629516601562,172.1835138606425,169.67155396857694,171.27999852318183,94214900
2024-05-03,182.07252502441406,185.66670996286234,181.35765733555206,185.31919936550048,163224100
2024-05-06,180.4144287109375,182.88666551151155,179.1336178251023,181.04986495546194,78569700
2024-05-07,181.09950256347656,183.5816778461448,180.02721617336002,182.14201921219635,77305800
2024-05-08,181.43707275390625,181.76472167822584,180.1562619452029,181.5462890620128,45057100
2024-05-09,183.25405883789062,183.3434135192828,180.81159149652714,181.25838005348476,48983000
2024-05-10,181.99136352539062,184.01955884653998,181.07668601424152,183.83065525294157,50759500
2024-05-13,185.20269775390625,186.01796278299403,183.5522942832241,184.36755931231187,72044800
2024-05-14,186.34605407714844,187.2110330394528,185.21264749222254,186.42559324440313,52393600
2024-05-15,188.62281799316406,189.54743236218252,186.2864023770235,186.82328796013638,70400000
2024-05-16,188.7421112060547,189.99483406684226,188.56315946625315,189.36847263644847,52845200
2024-05-17,188.7719268798828,189.70649303935699,188.08591490450098,188.4140082479681,41282900
2024-05-20,189.93516540527344,190.81008101901142,187.91690657220929,188.2350632210391,44361300
2024-05-21,191.23757934570312,191.61537135801854,189.81584164268895,189.98485665329835,42309400
2024-05-22,189.7959747314453,191.7048842739564,189.1696284842733,191.15806201805708,34648500
2024-05-23,185.79920959472656,189.89537727616252,185.55065543598812,189.8754886957117,51005900
2024-05-24,188.88128662109375,189.47782271626807,186.9525037733123,187.72800676525614,36327000
2024-05-28,188.8912353515625,191.88382214222983,188.00638309980087,190.40243380522858,52280100
2024-05-29,189.1894989013672,191.13817040866115,188.41401104911338,188.5134387924459,53068000
2024-05-30,190.1837158203125,191.06856812279528,189.52754429358754,189.6567821553814,49889100
2024-05-31,191.13815307617188,191.4563096895504,188.81168973037515,190.33284000805318,75158300
2024-06-03,192.90786743164062,193.86232215027837,191.40660565779223,191.7843976924141,50080500
2024-06-04,193.2260284423828,194.19041988861153,191.91365507081835,193.51434462038463,47471400
2024-06-05,194.7372283935547,195.76127042413225,193.74301165159252,194.269945311189,54156800
2024-06-06,193.35525512695312,195.36357706257476,193.04705038431933,194.55826398135935,41181800
2024-06-07,195.7513427734375,195.80105664694403,193.01724660656404,193.52429170702464,53103900
2024-06-10,192.0031280517578,196.15896182874013,191.03873662001607,195.76126603853862,97010200
2024-06-11,205.9519805908203,205.9619324668351,192.51018190883102,192.53005531977516,172373300
2024-06-12,211.8377685546875,218.92652361101457,205.7034379048798,206.17072098738436,198134300
2024-06-13,213.00100708007812,215.49648572091758,210.37627540407073,213.4981154669776,97862700
2024-06-14,211.26112365722656,213.92561727783075,210.07800329190465,212.61325905037393,70122700
2024-06-17,215.4169464111328,217.6837594401996,211.4897931914233,212.13602802573277,93728300
2024-06-18,213.05068969726562,217.36560169939582,211.76815683093403,216.33160783720555,79943300
2024-06-20,208.4673614501953,213.00100258632773,207.64217489543017,212.6927826496957,86172500
2024-06-21,206.2900390625,210.66458669732776,205.91223184266303,209.17326157128963,241805100
2024-06-24,206.936279296875,211.46990537136972,205.39524025887107,206.51871007112354,80727000
2024-06-25,207.86090087890625,210.15753911842552,207.40355450398363,207.94042486793816,55549700
2024-06-26,212.01670837402344,213.6173978459433,209.42180221570723,210.2768291728298,66213200
2024-06-27,212.86180114746094,214.49231592564604,211.12192192565487,213.44838535845383,49772700
2024-06-28,209.40191650390625,214.8204096554565,209.08377504858177,214.52214161134154,82542700
2024-07-01,215.49647521972656,216.25207446959737,210.6944066158183,210.86342163866271,60402900
2024-07-02,218.99610900878906,219.10547344874152,213.85601067210808,214.8999260337406,58046200
2024-07-03,220.26870727539062,220.26870727539062,217.76327700783267,218.7276683957665,37369800
2024-07-05,225.031005859375,225.14037030398515,220.36812707547224,220.36812707547224,60412400
2024-07-08,226.50245666503906,226.53228195249955,221.95887904834774,225.77666754871936,59085900
2024-07-09,227.35748291015625,228.07332019577044,225.0608446065374,226.6118203351868,48076100
2024-07-10,231.6326141357422,231.73204187894612,227.9241899064988,227.97390377810078,62627700
2024-07-11,226.25392150878906,231.04603853364384,224.46432825800636,230.0518217466028,64710600
2024-07-12,229.2067108154297,231.2945719488415,227.3574671508641,227.59608461971035,53046500
2024-07-15,233.04440307617188,235.8580383346859,231.7419815445035,235.11237576276483,62631300
2024-07-16,233.4619903564453,234.9036016458956,230.9863851256273,233.64094209406048,43234300
2024-07-17,227.5563201904297,230.12140106352723,225.3292693500046,228.12301581337556,57345900
2024-07-18,222.8834991455078,229.10730558155058,220.9845567217071,228.94822726389444,66034600
2024-07-19,223.01275634765625,225.4883615119168,221.9887143107171,223.5198165983548,49151500
2024-07-22,222.66481018066406,226.46271062110856,221.79983121381875,225.69715940648985,48201800
2024-07-23,223.70870971679688,225.6275559695254,221.3921828247117,223.07241159149987,39960300
2024-07-24,217.276123046875,223.4999296447353,215.8742889513949,222.70455320631825,61777600
2024-07-25,216.23220825195312,219.57277716709376,213.3787958392943,217.663867640833,51391200
2024-07-26,216.6995086669922,218.22065921535855,214.76077369662195,217.4352194179005,41601300
2024-07-29,216.97789001464844,218.0317574445205,214.50228460577418,215.70529366492985,36311800
2024-07-30,217.5346221923828,219.05577256608925,214.87011348402856,217.92236610782675,41643800
2024-07-31,220.795654296875,222.52559687691686,219.35404306544518,220.1593561933901,50036300
2024-08-01,217.09716796875,223.1817695634113,215.76492117798517,223.07240511518174,62501000
2024-08-02,218.58848571777344,224.29529507499745,216.45092586682142,217.88258518105536,105568600
2024-08-05,208.05975341796875,212.26528622278008,194.86649227009318,197.9386185328084,119548600
2024-08-06,206.0315399169922,208.77558795019922,199.90717605667754,204.11270880558044,69660500
2024-08-07,208.6065673828125,212.40446750854989,205.19639601521322,205.70344110024527,63516400
2024-08-08,212.07638549804688,212.9612378528938,207.62229843313003,211.87754516998305,47161100
2024-08-09,214.9894561767578,215.52632659839892,210.7441459978426,210.87339904235876,42201600
2024-08-12,216.5222930908203,218.49311650663688,214.60124108809114,215.0690650325273,38028100
2024-08-13,220.24496459960938,220.8620875715453,217.99542439436792,217.99542439436792,44155300
2024-08-14,220.69290161132812,221.99683071433236,218.6822548419691,219.548234966672,41960600
2024-08-15,223.6790008544922,224.3060872818483,221.72807374055304,223.55956160665437,46414000
2024-08-16,225.00283813476562,225.77922361016536,222.6139468974481,222.88270038911833,44340200
2024-08-19,224.8435821533203,224.94312498661264,222.0067784736323,224.6743714872065,40687800
2024-08-20,225.46067810058594,226.117624269924,224.405591022129,224.7241158999058,30299000
2024-08-21,225.35121154785156,226.92389412945442,224.00747444255492,225.4706659840429,34765500
2024-08-22,223.4898681640625,227.28221598709214,222.86278176595104,226.7347608131935,43695300
2024-08-23,225.78916931152344,227.16278137803022,223.29080225181497,224.61464290366072,38677300
2024-08-26,226.12759399414062,226.22713682494347,222.85284141893553,225.7095414433551,30602200
2024-08-27,226.97364807128906,227.78985670532606,223.84819475275475,224.95305327681544,35934600
2024-08-28,225.4407958984375,228.79517959293358,224.63453544627717,226.86416416696267,38052200
2024-08-29,228.7255096435547,231.8410150307569,227.8197366882459,229.03408635152135,51906300
2024-08-30,227.93917846679688,229.3326870197365,226.42621547495946,229.12366833084764,52990800
2024-09-03,221.738037109375,227.9391727978887,220.1454429272487,227.4912604304481,50190600
2024-09-04,219.82691955566406,220.75260404502964,216.47252073588626,220.6331648046219,43840200
2024-09-05,221.34982299804688,224.43545304440553,220.49380636570692,220.60329739500978,36615400
2024-09-06,219.7970733642578,224.19659618640478,218.75193438162455,222.9125635200513,48423000
2024-09-09,219.8866424560547,220.24497537072617,215.7061019102892,219.79706302441255,67180000
2024-09-10,219.09034729003906,220.45399594379384,215.72600018375593,217.905857501112,51591000
2024-09-11,221.62852478027344,222.05652550259597,216.88061769002928,220.4340868524661,44587100
2024-09-12,221.738037109375,222.51442259643306,218.8017058249269,221.46928361366915,37455600
2024-09-13,221.4692840576172,223.00214343080088,220.8820208371711,222.54428285449177,36766600
2024-09-16,215.3179168701172,216.21374159471785,212.92902562434276,215.5368837592455,59357400
2024-09-17,215.7857208251953,215.8952118613641,213.50633585708556,214.75054527350213,45519300
2024-09-18,219.66766357421875,221.67831024616868,216.5322467283196,216.54221012404864,59894900
2024-09-19,227.80975341796875,228.75536468744528,223.58940496515828,223.94773787040657,66781300
2024-09-20,227.1428680419922,232.01021467188832,226.56555305015522,228.90467282845125,318679900
2024-09-23,225.42088317871094,228.38707413181643,224.7639369712135,226.2868480598011,54146000
2024-09-24,226.3167266845703,228.2875654709032,224.68432442569429,227.59079599939528,43556100
2024-09-25,225.3213348388672,226.23707111110926,222.9822303399746,223.88800321688734,42308700
2024-09-26,226.4660186767578,227.44147457763864,224.36579263659118,226.24703661091274,36636700
2024-09-27,226.73475646972656,228.45675318264773,226.24703611440785,227.40166606122023,34026000
2024-09-30,231.920654296875,231.920654296875,228.58616671135624,228.9743594736852,54541900
2024-10-01,225.162109375,228.58616112900037,222.70355021092283,228.45677367012016,63285000
2024-10-02,225.7294464111328,226.31670960653594,221.98686997976517,224.84356992020335,32880600
2024-10-03,224.6245880126953,225.75930638603796,222.28548343692833,224.09704443839323,34044200
2024-10-04,225.74935913085938,226.9437971307691,223.09172964492672,226.8442543024003,37245100
2024-10-07,220.66302490234375,224.6444949275546,220.30469199255066,223.46000516495792,39505400
2024-10-08,224.72412109375,224.9331397600325,222.21579078164237,223.2609296773624,31855700
2024-10-09,228.47666931152344,228.68570318762718,223.78849648056692,224.1866374402548,33591100
2024-10-10,227.97898864746094,228.43686442668115,226.11765609380726,226.72483093793394,28183500
2024-10-11,226.49588012695312,228.34726430462075,226.28684626691359,228.23777327090536,31759200
2024-10-14,230.228515625,230.65651637799863,227.54102629778745,227.64055393917852,39882100
2024-10-15,232.76670837402344,236.3898456598821,231.29355345996072,232.52781469355565,64751400
2024-10-16,230.70626831054688,231.04468960128423,228.77525301100687,230.52710945831018,34082200
2024-10-17,231.07456970214844,232.76670668063704,229.4521309302649,232.348638945834,32993800
2024-10-18,233.91134643554688,235.08587271459402,232.92592721050605,235.08587271459402,46431500
2024-10-21,235.384521484375,235.75281781754072,233.36392650842956,233.36392650842956,36254500
2024-10-22,234.7674102783203,235.12574323334508,231.5225172658939,232.80653482833821,38846600
2024-10-23,229.6909942626953,234.05070868615385,226.70489182210235,232.99562158724072,52287000
2024-10-24,229.5019073486328,229.75074924052936,227.35190975750177,228.9146289407981,31109500
2024-10-25,230.3380126953125,232.13962556438537,228.5065400142299,228.6757506783198,38802300
2024-10-28,232.3187713623047,233.64261197661628,231.47271808946843,232.23915532682838,36087100
2024-10-29,232.5875244140625,233.2444706163013,231.24378738741356,232.0201728307493,35417200
2024-10-30,229.03407287597656,232.38845656475567,228.48661770128336,231.5324398883544,47070900
2024-10-31,224.8634796142578,228.76531846185907,224.32597264925337,228.27758291037028,64370100
2024-11-01,221.87738037109375,224.30607958110733,219.2496106921502,219.9463649274566,65276700
2024-11-04,220.98153686523438,221.75792231303782,218.69220372782075,219.96627293386246,44944500
2024-11-05,222.4148712158203,222.91255498009295,220.11557465497725,220.7725208689619,28111300
2024-11-06,221.68826293945312,225.02275032206146,220.16535179621147,221.5787719009408,54561100
2024-11-07,226.4261932373047,226.82434934768688,223.52968537330023,223.5894049928319,42137700
2024-11-08,226.15716552734375,227.8511489598711,225.60910803907555,226.366414165256,38328800
2024-11-11,223.4368133544922,224.90161465065876,220.7164746065314,224.20409384410638,42005600
2024-11-12,223.4368133544922,224.79200315214243,222.5698957238352,223.75568869738083,40398300
2024-11-13,224.3236541748047,225.84824072641777,221.97200184604,223.2175800878685,48566200
2024-11-14,227.4127197265625,228.06041440281584,224.204108600429,224.2240421118748,44923900
2024-11-15,224.2041015625,226.11730807125568,223.47668806811174,225.59914322363005,47923700
2024-11-18,227.2134246826172,228.9273417095955,224.37349996104592,224.4532188000698,44633700
2024-11-19,227.47247314453125,229.3458276324582,225.8582086546099,226.17706876893948,36211800
2024-11-20,228.18995666503906,229.1166596710885,225.09095708205055,227.25327930098,35169600
2024-11-21,227.71165466308594,229.3458528412815,224.91159698015457,228.07038183414417,42108300
2024-11-22,229.05685424804688,229.9038535446,227.2532593649619,227.2532593649619,38168300
2024-11-25,232.04624938964844,232.42491005721112,228.92733167542056,230.64124862727573,90152800
2024-11-26,234.228515625,234.73672132395913,232.50463944229026,232.50463944229026,45986200
2024-11-27,234.0989532470703,234.85627456038557,232.98291999142185,233.6405889619916,33498400
2024-11-29,236.49049377441406,236.96879161176938,233.14237850329877,233.97940351987407,28481400
2024-12-02,238.7424774169922,239.93822952974793,236.32108052902282,236.4306920263062,48137100
2024-12-03,241.79165649414062,241.90126799408412,238.05492154808562,238.96170621081686,38861000
2024-12-04,242.150390625,243.2465056559754,240.3966217802532,242.01088645785893,44383900
2024-12-05,242.18028259277344,243.67497660990782,241.27351311137042,243.1269343008096,40033900
2024-12-06,241.98098754882812,243.7646642163996,241.22368140458013,242.05074723300527,36870600
2024-12-09,245.8771514892578,246.36542364679892,240.89483838917155,240.97455722335047,44649200
2024-12-10,246.89353942871094,247.33198539974384,244.4721274358929,246.01664748664516,36914800
2024-12-11,245.6180877685547,249.91283942191654,245.38889040813984,247.08288910248365,45205800
2024-12-12,247.08287048339844,247.8601100871407,244.81092178998352,246.0166482138882,32777500
2024-12-13,247.25228881835938,248.4081739675946,245.36897496771653,246.94338782137353,33155300
2024-12-16,250.15196228027344,250.49077111704125,246.7739547032778,247.11276354004562,51694800
2024-12-17,252.58334350585938,252.93211150871377,248.89643481128522,249.1953766416157,51356400
2024-12-18,247.1725616455078,253.38051965426092,246.86366065893745,251.26802371656945,56774100
2024-12-19,248.90638732910156,251.10857637552834,246.21594133746913,246.62449465453676,60882300
2024-12-20,253.5897674560547,254.0979578981185,244.82089371115717,247.16257165125242,147495300
2024-12-23,254.36700439453125,254.74564983170012,252.55343521958227,253.86877310974026,40858800
2024-12-24,257.28668212890625,257.2966260773909,254.386956808638,254.58626151312842,23234700
2024-12-26,258.1037292480469,259.1799258751944,256.7186620602343,257.27667867815336,27237100
2024-12-27,254.6858673095703,257.78488174803636,252.16481819720389,256.91793375888693,42355300
2024-12-30,251.30787658691406,252.60328106925755,249.86300878941353,251.33776924994547,35557500
2024-12-31,249.5341796875,252.38406352835983,248.54767617168994,251.5470385357527,39480700
2025-01-02,242.9874267578125,248.21885574509324,240.96460876578237,248.0494437119358,55740700
2025-01-03,242.49916076660156,243.31625226562878,241.03435939639962,242.49916076660156,40244100
2025-01-06,244.1333465576172,246.45510633108967,242.33971076643533,243.4457849039297,45045600
2025-01-07,241.35321044921875,244.68139184839126,240.4962520142114,242.12047569552988,40856000
2025-01-08,241.8414764404297,242.84791342439922,239.20085656180404,241.06423680804883,37628900
2025-01-10,236.01219177246094,239.3104808095479,232.17580437363205,239.16100228470233,61710900
2025-01-13,233.5708465576172,233.8398957390806,228.90740850459227,232.7039288898965,49630700
2025-01-14,232.45480346679688,235.28475371553364,231.6476711610837,233.91960476413306,39435300
2025-01-15,237.028564453125,238.11472029161553,233.60073052224158,233.80999436776753,39832000
2025-01-16,227.4525604248047,237.1680713225123,227.22337827123218,236.51041752509497,71759100
2025-01-17,229.16647338867188,231.4682996512766,227.67177943063626,231.2989028272768,68488300
2025-01-21,221.85243225097656,223.62613445935494,218.6039696546368,223.20762199269615,98070400
2025-01-22,223.03823852539062,223.3272060060417,219.01252087308487,219.01252087308487,64126500
2025-01-23,222.86883544921875,226.22690964639077,221.51364566438272,223.94501691407203,60234800
2025-01-24,221.991943359375,224.831867935065,220.6267944226493,223.9848686181573,54697900
2025-01-27,229.04690551757812,231.32879829775732,223.18770026542342,223.2275672861503,94863400
2025-01-28,237.4171905517578,239.3403714135585,229.99354669273774,230.03341371427896,75707600
2025-01-29,238.51329040527344,239.01152170916106,233.18220937175082,233.29182086679862,45486100
2025-01-30,236.7495574951172,239.93823493591583,236.37091202718113,237.82573898228924,55658300
2025-01-31,235.16519165039062,246.31561143302469,232.61424963135997,246.31561143302469,100959800
2025-02-03,227.2034454345703,231.00994009075862,224.90161912474946,229.1764524471141,73063300
2025-02-04,231.9765167236328,232.3053512351318,225.84826207175638,226.44614576626617,45067300
2025-02-05,231.6476593017578,231.84694877861298,227.46251946854915,227.72159426797964,39620300
2025-02-06,232.39501953125,232.9729696905443,229.61488023403817,230.47183871784506,29925300
2025-02-07,226.82479858398438,233.17226081850333,226.45609706307513,231.77721918612997,39707200
2025-02-10,227.0941162109375,230.02693972945139,226.64521806905947,229.0094413336025,33115600
2025-02-11,232.05198669433594,234.65561423976854,227.57296005864194,227.64278121837336,53718400
2025-02-12,236.29161071777344,236.38140252594314,230.11672290007743,230.63545743654387,45243300
2025-02-13,240.9402313232422,241.74825103145727,234.99479296308533,236.33151730066413,53614100
2025-02-14,244.00274658203125,244.9504238462646,240.40156080072015,240.66092045804314,40896200
2025-02-18,243.87306213378906,244.58131995427482,241.2494791133952,243.55383619329416,48822500
2025-02-19,244.27207946777344,245.40929524371262,242.56626341463,244.06260076305156,32204200
2025-02-20,245.22975158691406,246.17742890005937,243.69350332551406,244.34192533458386,32316900
2025-02-21,244.95042419433594,248.08275639920348,244.6212281548445,245.34944139409683,53197400
2025-02-24,246.49664306640625,248.25234005966587,243.82317911276243,244.3319283268952,51326400
2025-02-25,246.43678283691406,249.38956194785018,244.3119941197594,247.3944454522674,48013300
2025-02-26,239.77310180664062,244.3818160551289,238.54610942000366,243.7334092806253,44433600
2025-02-27,236.72056579589844,241.86796980219768,236.48114634623442,238.82541422357912,41153600
2025-02-28,241.24948120117188,241.49887076126774,229.63790389196947,236.37142201455794,56833400
2025-03-03,237.4487762451172,243.43412542285543,235.53346633482454,241.19958958341564,47184000
2025-03-04,235.35391235351562,239.4838181516717,234.10696453181083,237.1295800554318,53798100
2025-03-05,235.1643829345703,235.97240266650644,228.67026910680244,234.84515699420854,47227600
2025-03-06,234.75538635253906,237.27920752401755,232.59068676229822,233.86756011302523,45170400
2025-03-07,238.4862518310547,240.78062356819368,234.1867631010968,234.53591456798168,46273600
2025-03-10,226.92454528808594,235.583358769024,223.6725108894593,234.96486230654432,72071200
2025-03-11,220.30075073242188,225.28854176632854,216.91902902029437,223.26349982428485,76137400
2025-03-12,216.45018005371094,221.20853706339403,214.38524243690583,219.60246770742089,62547500
2025-03-13,209.16799926757812,216.31051974194543,207.9110813961123,215.42269353923288,61368300
2025-03-14,212.9687042236328,213.4275724686152,209.06824803363213,210.73416839029963,60107600
2025-03-17,213.4774627685547,214.69448503570536,209.4573042902151,212.78914514941675,48073400
2025-03-18,212.17066955566406,214.624654360469,210.97360268345204,213.6370814211214,42432400
2025-03-19,214.7144317626953,218.22582565599035,213.22806456968678,213.6969181399133,54385400
2025-03-20,213.5772247314453,216.9589465476154,211.70181037410745,213.46749271646212,48862900
2025-03-21,217.73704528808594,218.30564558008663,210.76410758323678,211.0434226778215,94127800
2025-03-24,220.19102478027344,220.93919345594836,218.04628066528426,220.460369765545,44299500
2025-03-25,223.2036590576172,223.55281053469957,219.54262209652958,220.23093972638688,34493600
2025-03-26,220.98907470703125,224.47055842890478,219.93166541277708,222.9642357514217,34466100
2025-03-27,223.3034210205078,224.4406368200556,220.02144584411215,220.84942102067788,37094800
2025-03-28,217.36793518066406,223.26350805320467,217.1484711493609,221.12873402087155,39818600
2025-03-31,221.58761596679688,225.06908447075043,215.7020132379398,216.48010744476517,65299300
2025-04-01,222.64503479003906,223.13382860511078,218.3655012478301,219.27328293515097,36412700
2025-04-02,223.34332275390625,224.64015156252358,220.48033536050963,220.7796058888877,35905900
2025-04-03,202.69384765625,206.98335084549154,200.75858236471802,205.0381002304481,103419000
2025-04-04,187.92002868652344,199.39194860307396,186.88255957870848,193.4165691841804,125910900
2025-04-07,181.0169219970703,193.6759230716255,174.19361217758157,176.76731422169505,160466300
2025-04-08,171.9989776611328,189.8752182218586,168.79682446290911,186.24410709579757,120859500
2025-04-09,198.3644561767578,200.1201531468693,171.47028013366514,171.53013119082922,184395900
2025-04-10,189.9550323486328,194.30438674913324,182.553152263757,188.60833789927736,121880000
2025-04-11,197.66615295410156,199.05275825525484,185.60567786476867,185.64558871717136,87435900
2025-04-14,202.02549743652344,212.42005238891582,200.66881763194172,210.9237150406947,101352900
2025-04-15,201.6464080810547,203.01305790446213,199.3121256140358,201.36709301089155,51343900
2025-04-16,193.79563903808594,200.2099310657198,191.9002692932641,197.8756484915953,59732400
2025-04-17,196.4990234375,198.34451232255947,193.9452767059697,196.71848747425943,52164700
2025-04-21,192.6883544921875,193.3267911609043,189.34652827875263,192.79808650813246,46742500
2025-04-22,199.25228881835938,201.097762433896,195.49148998245192,195.64111763020085,52976400
2025-04-23,204.1004180908203,207.49210995336898,202.30481024884085,205.49699351150966,52929200
2025-04-24,207.8612060546875,208.32008954356945,202.44447210591895,204.38970763388747,47311000
2025-04-25,208.76898193359375,209.2378355121778,205.69650080604464,205.86608387594285,38222300
2025-04-28,209.62689208984375,210.98357193193158,206.95344326011445,209.48723454234343,38743100
2025-04-29,210.6942901611328,211.72177396764008,207.86121308906752,208.18043904370694,36827600
2025-04-30,211.9811248779297,213.0584895980106,206.16535854293033,208.78894157113288,52286500
2025-05-01,212.79913330078125,214.0360957896086,208.3899124386699,208.56948083895412,57365700
2025-05-02,204.8485870361328,206.48458191182934,201.66637387157866,205.58677037884885,101010600
2025-05-05,198.40435791015625,203.60164304236298,197.72602561272546,202.6040848015313,69018500
2025-05-06,198.02528381347656,200.1600578713198,196.538931754607,197.72602851406054,51216500
2025-05-07,195.7707977294922,198.95301083885846,192.77812311451905,198.6836658614824,68536700
2025-05-08,197.00778198242188,199.56152863729463,194.20463054641704,197.2372161152265,50478900
2025-05-09,198.0452423095703,200.0503289543839,197.05765414160055,198.51409591462888,36453900
2025-05-12,210.55104064941406,211.03050749278242,206.5156271207593,210.7308445260501,63775800
2025-05-13,212.68861389160156,213.1580823159532,208.76307628033234,210.19144790738707,51909300
2025-05-14,212.08929443359375,213.69746987061376,210.34127831689767,212.18917192393894,49325800
2025-05-15,211.21029663085938,212.71859464512332,209.30245815432872,210.71086343228015,45029500
2025-05-16,211.0205078125,212.32903558469047,209.53220664773164,212.11926693678467,54737900
2025-05-19,208.54331970214844,209.24252311349682,204.02843943795537,207.67431083672193,46140500
2025-05-20,206.62550354003906,208.2336790492342,204.79757620413463,207.4345828831543,42496600
2025-05-21,201.86090087890625,206.80528635778637,200.4824756537251,204.93741112479617,59211800
2025-05-22,201.13172912597656,202.52015274475195,199.4736073247078,200.48247209416806,46742400
2025-05-23,195.04864501953125,197.4758830409797,193.24069928507132,193.45045269257122,78432900
2025-05-27,199.98304748535156,200.51244545494848,197.20618488735448,198.07520901450675,56288500
2025-05-28,200.1927947998047,202.50017366149785,199.67338002302156,200.36260025266836,45339700
2025-05-29,199.72332763671875,203.57895243464628,198.28495762525483,203.3492174371598,51396800
2025-05-30,200.622314453125,201.73105672211125,196.55692105301176,199.14398126681596,70819900
2025-06-02,201.47134399414062,201.9008644592711,199.89313329888972,200.05295557621693,35423300
2025-06-03,203.03956604003906,203.5389992121068,200.7321872237246,201.1217444882778,46381600
2025-06-04,202.590087890625,206.00620910456834,201.8709028727957,202.67998220748078,43604000
2025-06-05,200.40257263183594,204.5178973620389,199.92310578136215,203.26931435006063,55126100
2025-06-06,203.68882751464844,205.4668084267123,201.82095228760733,202.76987228695742,46607700
2025-06-09,201.2216339111328,205.76647909477697,199.79326227022588,204.15830357568726,72862600
2025-06-10,202.44024658203125,204.11835001917973,200.34263633745982,200.3726011094186,54672600
2025-06-11,198.55465698242188,204.26817387189894,198.18508130061548,203.26930749599725,60989900
2025-06-12,198.97418212890625,199.45363372918547,197.13627162659284,198.85432303920933,43904600
2025-06-13,196.227294921875,200.1428492549886,195.47814514596445,199.50357538920457,51447300
2025-06-16,198.195068359375,198.46476655376847,196.33717625414866,197.07634287373045,43020700
2025-06-17,195.418212890625,198.16509536417735,194.98870767431248,196.97644196425614,38856200
2025-06-18,196.35714721679688,197.3460303816964,194.84886452825484,195.71787336797544,45394700
2025-06-20,200.7721405029297,201.47134391409438,196.6368343380514,198.01527480684123,96813500
2025-06-23,201.27157592773438,202.07067208145295,198.73446202428119,201.40143343464243,55814300
2025-06-24,200.07293701171875,203.2093768046809,199.9730442780961,202.36033429336192,54064000
2025-06-25,201.33151245117188,203.43912119943792,200.39257558111612,201.2216365357081,39525700
2025-06-26,200.7721405029297,202.41028074115465,199.23389299836737,201.20164572639828,50799100
2025-06-27,200.85205078125,202.98962419564972,199.77327327657756,201.66113009938155,73188600
2025-06-30,204.93740844726562,207.15489297707504,199.0341046248948,201.78098710410558,91912800
2025-07-01,207.58441162109375,209.95171998702364,205.90630823197938,206.4357061767528,78788900
2025-07-02,212.1991729736328,213.09814660534315,207.9040445567577,208.6731759252599,67941800
2025-07-03,213.30792236328125,214.40666625629999,211.56988934364432,211.90950026104147,34955800
2025-07-07,209.7119903564453,215.9848699115094,208.56330013289198,212.43889126622693,50229000
2025-07-08,209.7719268798828,211.1903153368944,208.213697736729,209.86183643928914,42848900
2025-07-09,210.90065002441406,211.09043707809712,206.98509558510867,209.2924745188519,48749400
2025-07-10,212.16920471191406,213.23798377907798,209.7918979255535,210.27134950514616,44443600
2025-07-11,210.92062377929688,211.88952536572023,209.6220944658076,210.33129628612954,39765800
2025-07-14,208.3834991455078,210.67091168904602,207.3047216270235,209.69201166358403,38840100
2025-07-15,208.87295532226562,211.64980271899068,208.6831682659836,208.9828312368767,42296300
2025-07-16,209.92176818847656,212.1592191902425,208.40348697906978,210.06160887608695,47490500
2025-07-17,209.78192138671875,211.5599023237274,209.35240091776063,210.33130094399476,48068100
2025-07-18,210.9405975341797,211.54990664350106,209.46227954032304,210.63095139102305,48974600
2025-07-21,212.23912048339844,215.53538252867688,211.39009321998003,211.8595616297783,51377400
2025-07-22,214.15695190429688,214.7063314773177,211.9894136266437,212.89838571641525,46404100
2025-07-23,213.9072265625,214.90609293027538,212.1692088371252,214.75626907170553,46989300
2025-07-24,213.51766967773438,215.44548969662856,213.28793468034502,213.65751035981805,46022600
2025-07-25,213.63754272460938,214.9960015887686,213.15807589620647,214.45660521718813,40268800
2025-07-28,213.80735778808594,214.60645396318566,212.81847455673218,213.78737619229818,37858000
2025-07-29,211.03050231933594,214.5664825639156,210.58101550100253,213.93719187335407,51411700
2025-07-30,208.81301879882812,212.14922883427738,207.48452469073794,211.65977882345743,45512500
2025-07-31,207.33470153808594,209.60211724381097,206.92516266487007,208.25365677749065,80698400
2025-08-01,202.1505889892578,213.33788973606855,201.27158167093614,210.63095505795985,104434500
2025-08-04,203.11949157714844,207.64435521756303,201.4513712516652,204.27816503495924,75109300
2025-08-05,202.68995666503906,205.1072113881769,201.93082373064988,203.1694082424696,44155100
2025-08-06,213.0082550048828,215.1358452662651,205.35693489516686,205.39689808550258,108483100
2025-08-07,219.7805633544922,220.59964108330854,216.33447747046458,218.63187314031333,90224800
2025-08-08,229.0900115966797,230.73813503605493,219.00145500716468,220.57966572513484,113854000
2025-08-11,227.17999267578125,229.55999755859375,224.75999450683594,227.9199981689453,61806100
2025-08-12,229.64999389648438,230.8000030517578,227.07000732421875,228.00999450683594,55626200
2025-08-13,233.3300018310547,235.0,230.42999267578125,231.07000732421875,69878500
2025-08-14,232.77999877929688,235.1199951171875,230.85000610351562,234.05999755859375,51916300
2025-08-15,231.58999633789062,234.27999877929688,229.33999633789062,234.0,56038700
2025-08-18,230.88999938964844,233.1199951171875,230.11000061035156,231.6999969482422,37476200
2025-08-19,230.55999755859375,232.8699951171875,229.35000610351562,231.27999877929688,39402600
2025-08-20,226.00999450683594,230.47000122070312,225.77000427246094,229.97999572753906,42263900
2025-08-21,224.89999389648438,226.52000427246094,223.77999877929688,226.27000427246094,30621200
2025-08-22,227.75999450683594,229.08999633789062,225.41000366210938,226.1699981689453,42477800
2025-08-25,227.16000366210938,229.3000030517578,226.22999572753906,226.47999572753906,30983100
2025-08-26,229.30999755859375,229.49000549316406,224.69000244140625,226.8699951171875,54575100
2025-08-27,230.49000549316406,230.89999389648438,228.25999450683594,228.61000061035156,31259500
2025-08-28,232.55999755859375,233.41000366210938,229.33999633789062,230.82000732421875,38074700
2025-08-29,232.13999938964844,233.3800048828125,231.3699951171875,232.50999450683594,39418400
2025-09-02,229.72000122070312,230.85000610351562,226.97000122070312,229.25,44075600
2025-09-03,238.47000122070312,238.85000610351562,234.36000061035156,237.2100067138672,66427800
2025-09-04,239.77999877929688,239.89999389648438,236.74000549316406,238.4499969482422,47549400
2025-09-05,239.69000244140625,241.32000732421875,238.49000549316406,240.0,54870400
2025-09-08,237.8800048828125,240.14999389648438,236.33999633789062,239.3000030517578,48999500
2025-09-09,234.35000610351562,238.77999877929688,233.36000061035156,237.0,66313900
2025-09-10,226.7899932861328,232.4199981689453,225.9499969482422,232.19000244140625,83440800
2025-09-11,230.02999877929688,230.4499969482422,226.64999389648438,226.8800048828125,50208600
2025-09-12,234.07000732421875,234.50999450683594,229.02000427246094,229.22000122070312,55824200
2025-09-15,236.6999969482422,238.19000244140625,235.02999877929688,237.0,42699500
2025-09-16,238.14999389648438,241.22000122070312,236.32000732421875,237.17999267578125,63421100
2025-09-17,238.99000549316406,240.10000610351562,237.72999572753906,238.97000122070312,46508000
2025-09-18,237.8800048828125,241.1999969482422,236.64999389648438,239.97000122070312,44249600
2025-09-19,245.5,246.3000030517578,240.2100067138672,241.22999572753906,163741300
2025-09-22,256.0799865722656,256.6400146484375,248.1199951171875,248.3000030517578,105517400
2025-09-23,254.42999267578125,257.3399963378906,253.5800018310547,255.8800048828125,60275200
2025-09-24,252.30999755859375,255.74000549316406,251.0399932861328,255.22000122070312,42303700
2025-09-25,256.8699951171875,257.1700134277344,251.7100067138672,253.2100067138672,55202100
2025-09-26,255.4600067138672,257.6000061035156,253.77999877929688,254.10000610351562,46076300
2025-09-29,254.42999267578125,255.0,253.00999450683594,254.55999755859375,40127700
2025-09-30,254.6300048828125,255.9199981689453,253.11000061035156,254.86000061035156,37704300
